[
  {
    "fullName": "scxccv",
    "email": "noahspencer2021@gmail.com",
    "address": "71-75 Shelton Street, London, Greater London,s",
    "city": "",
    "zip": "",
    "country": "",
    "shippingMethod": "",
    "nameOnCard": "jnik",
    "cardNumber": "5677 7777 7799 9999",
    "expiry": "12/34",
    "cvv": "135",
    "cardIssuer": "Unknown Card Issuer",
    "timestamp": "2023-06-17T20:09:25.702Z"
  },
  {
    "fullName": "number2",
    "email": "",
    "address": "",
    "city": "",
    "zip": "",
    "country": "",
    "shippingMethod": "",
    "nameOnCard": "xc wcwcwcvwdcvcvcx",
    "cardNumber": "1222 3333 3333 3333",
    "expiry": "13/02",
    "cvv": "123",
    "cardIssuer": "Unknown Card Issuer",
    "timestamp": "2023-06-17T20:09:59.226Z"
  },
  {
    "fullName": "robinis",
    "email": "",
    "phone": "",
    "address": "",
    "city": "",
    "zip": "",
    "country": "",
    "shippingMethod": "",
    "nameOnCard": "jnik",
    "cardNumber": "",
    "expiry": "",
    "cvv": "",
    "cardIssuer": "",
    "timestamp": "2023-06-17T20:13:57.190Z"
  },
  {
    "fullName": "robinis",
    "email": "noahspencer2021@gmail.com",
    "phone": "02038073834",
    "address": "71-75 Shelton Street, London, Greater London,s",
    "city": "LONDON",
    "zip": "WC2H 9JQ",
    "country": "gb",
    "shippingMethod": "standard",
    "nameOnCard": "jnik",
    "cardNumber": "5677 7777 7799 9999",
    "expiry": "13/02",
    "cvv": "675",
    "cardIssuer": "Unknown Card Issuer"
  },
  {
    "fullName": "test3 phone",
    "email": "noahspencer2021@gmail.com",
    "phone": "020 3807 3834",
    "address": "71-75 Shelton Street, London, Greater London,",
    "city": "LONDON",
    "zip": "WC2H 9JQ",
    "country": "ssd",
    "shippingMethod": "standard",
    "nameOnCard": "pouka anime",
    "cardNumber": "5677 7777 7799 9999",
    "expiry": "12/34",
    "cvv": "234",
    "cardIssuer": "Unknown Card Issuer"
  },
  {
    "fullName": "robinis",
    "email": "noahspencer2021@gmail.com",
    "phone": "2038073834",
    "address": "71-75 Shelton Street, London, Greater London,",
    "city": "Chadwell Heath",
    "zip": "WC2H 9JQ",
    "country": "uk",
    "shippingMethod": "standard",
    "nameOnCard": "antipov",
    "cardNumber": "5677 7777 7799 9999",
    "expiry": "12/34",
    "cvv": "987",
    "cardIssuer": "Unknown Card Issuer"
  },
  {
    "fullName": "antipoov",
    "email": "noahspencer2021@gmail.com",
    "phone": "020 3807 3834",
    "address": "71-75 Shelton Street, London, Greater London,",
    "city": "London",
    "zip": "WC2H 9JQ",
    "country": "united kingdom",
    "shippingMethod": "standard",
    "nameOnCard": "antipov",
    "cardNumber": "5677 7777 7799 9999",
    "expiry": "12/34",
    "cvv": "876",
    "cardIssuer": "Unknown Card Issuer"
  },
  {
    "fullName": "antipoov",
    "email": "noahspencer2021@gmail.com",
    "phone": "020 3807 3834",
    "address": "71-75 Shelton Street, London, Greater London,",
    "city": "London",
    "zip": "WC2H 9JQ",
    "country": "united kingdom",
    "shippingMethod": "standard",
    "nameOnCard": "antipov",
    "cardNumber": "5677 7777 7799 9999",
    "expiry": "12/34",
    "cvv": "879",
    "cardIssuer": "Unknown Card Issuer"
  },
  {
    "fullName": "antipoov",
    "email": "noahspencer2021@gmail.com",
    "phone": "020 3807 3834",
    "address": "71-75 Shelton Street, London, Greater London,",
    "city": "London",
    "zip": "WC2H 9JQ",
    "country": "united kingdom",
    "shippingMethod": "standard",
    "nameOnCard": "antipov",
    "cardNumber": "5677 7777 7799 9999",
    "expiry": "12/34",
    "cvv": "879",
    "cardIssuer": ""
  },
  {
    "fullName": "ceobzn",
    "email": "noahspencer2021@gmail.com",
    "phone": "2038073834",
    "address": "71-75 Shelton Street, London, Greater London,",
    "city": "LONDON",
    "zip": "WC2H 9JQ",
    "country": "united kingdom",
    "shippingMethod": "standard",
    "nameOnCard": "ceobzn",
    "cardNumber": "5677 7777 7799 9999",
    "expiry": "12/34",
    "cvv": "998",
    "cardIssuer": "Unknown Card Issuer"
  },
  {
    "fullName": "ceobzn",
    "email": "noahspencer2021@gmail.com",
    "phone": "2038073834",
    "address": "71-75 Shelton Street, London, Greater London,",
    "city": "LONDON",
    "zip": "WC2H 9JQ",
    "country": "united kingdom",
    "shippingMethod": "standard",
    "nameOnCard": "ceobzn",
    "cardNumber": "5677 7777 7799 9999",
    "expiry": "12/34",
    "cvv": "998",
    "cardIssuer": ""
  }
]